ts	phase	decision	why	evidence	result
2026-09-01T00:00:00Z	frame	scope fixed: mobile RAG cleanup + SDK 54->57, admin Next 15->16 + subtraction, backend Express 5 + Mongoose 9; dead deps and dead code across all three apps	user asked for codebase-wide optimization, latest versions, library use over hand-rolled code	PR #53 diff, package.jsons	plan set
2026-09-01T00:00:00Z	harness	built scripts/check-unused-deps.mjs as the rerunnable dead-dep gate	verification must be a rerunnable script, not one-time greps (prove-it-works, build-the-lever)	scripts/check-unused-deps.mjs	first run flagged 14 unused deps after fixing self-match bug
2026-09-01T00:00:00Z	harness	baselines: mobile tsc PASS, backend build BROKEN (no typescript installed), admin tsc BROKEN (missing Resource type in shared types)	baseline must be known before changes; both breakages predate this work	npx tsc runs, types/index.ts	backend+admin baseline red, documented
2026-09-01T00:00:00Z	types	added Resource interface {id, topic, title, content, isPublished?} to types/index.ts	admin resources page imports it; shape read from page usage; fixes pre-existing admin tsc failure	app/resources/page.tsx property audit	admin tsc should now pass (verify in U6)
2026-09-01T00:05:00Z	U2	mobile RAG subtraction: deleted dead exports (getVectorStats, removeEmbeddings, getKnowledgeBaseStats, resetKnowledgeBase, clearKnowledgeBase, testGeminiConnection, getDocumentStats, useDatabaseMigrations, initializeVectorDatabase wrapper), duplicate cosineSimilarity, 4x schema SQL collapsed to 1 source in database.ts, testGeminiConnection dual-branch collapsed, fake non-null embedding field made optional, 12 dead imports/vars cut via new noUnusedLocals gate	dead code with zero callers; single source of truth per laziness + subtract-first	tsc exit 0; jest suite passes (pre-existing exit=1 quirk from react-test-renderer console error, fails identically on stashed baseline)	mobile tsc PASS, jest PASS (exit quirk pre-existing)
2026-09-01T00:05:00Z	U2	enabled noUnusedLocals + noUnusedParameters in mobile tsconfig	strongest rung: compiler gate beats manual grep for dead locals	tsconfig.json	12 additional dead spots found and removed
2026-09-01T00:10:00Z	U3	migrated gemini.ts from deprecated @google/generative-ai to @google/genai 2.x (ai.models.embedContent / ai.models.generateContent); dropped unused embeddingModel/textModel exports and testGeminiConnection probe	started from current official docs (ctx7 /googleapis/js-genai); deprecated SDK	tsc exit 0	runtime probe INCONCLUSIVE: no GEMINI key on this machine (.env absent); user should re-verify chat with key set
2026-09-01T00:15:00Z	U4	removed 12 dead mobile deps (dotenv, events, expo-status-bar, expo-system-ui, react-native-worklet stub, sqlite-vss, @react-native-community/cli, babel-plugin-module-resolver, @react-native-picker/picker, react-native-gesture-handler, expo-web-browser + plugin entry, @libsql/client) and components/navigation/TabBarIcon.tsx	zero import evidence; libsql/createClient imports were already dead code removed in U2	lever script: mobile has zero UNUSED; tsc exit 0	mobile deps all justified
2026-09-01T00:30:00Z	swarm	fanned out 2 workers (admin slice, backend slice); mobile kept on parent because node_modules is mid SDK-57 migration	partition by disjoint app dirs; workers report log rows, parent appends centrally	gate reruns by parent	admin build/tsc/eslint 0; backend tsc --build 0 + module loads
2026-09-01T00:30:00Z	U6	deleted 34 dead shadcn/ui components + assets/quizData.json; removed 35 dead admin deps (62->27)	zero live importers per audit; subtraction makes dead deps visible to lever	git status shows 35 deletions; parent reran tsc+eslint+build all 0	CLEAN
2026-09-01T00:30:00Z	U7	admin upgraded next 15.2.3->16.3.4, react 19.0->19.2.3, tailwind 4.0.14->4.3.3, ts 5.8->5.9.3; next lint removed in Next 16 so replaced with flat eslint.config.mjs + eslint script; fixed Next 16 breaks: await cookies(), dropped Link legacyBehavior, removed ignored-lint escape hatch, escaped 10 quotes	parent verified: next build 8/8 pages, eslint 0; worker ran prod smoke (login 401, logout clears cookie, unauth redirect)	admin build exit 0	PASS
2026-09-01T00:30:00Z	U8	backend upgraded express 4->5.2.1, mongoose 8->9.9.4, dotenv 16->17, added typescript@5.9.3 devDep (build was broken before); dead nothing()/template blocks/getNextQuizItemId removed; MONGODB_URI log leak + body-dump logging removed; zero as-any casts; mongoose 9 pre-save migrated off callbacks	parent reran tsc --build 0 and module-load check; runtime with MongoDB remains unverified (no local instance)	backend tsc 0, module loads	PASS (runtime INCONCLUSIVE)
2026-09-01T01:00:00Z	U5	migrated to Expo SDK 57 (expo 57.0.19, RN 0.86.3, react 19.2.3, TS 6.0.3, jest-expo 57); deleted drifting app.config.js duplicate so app.json is the single config source; i18next 26 + react-i18next 17 to accept TS 6; expo-modules-core hoisted (jest-expo requires it, doctor forbids direct dep so left transitive)	official upgrade path: npm i expo@57 + expo install --fix; codemod sdk-56-expo-router-react-navigation-replace for @react-navigation imports	tsc 0, jest 1/1, lint 0, expo-doctor 21/21, export web exit 0	U5 PASS
2026-09-01T01:00:00Z	U5	rewrote app/(tabs)/resources.tsx (manual @react-navigation/native-stack, banned in SDK 56+) as router-native nested routes: resources/_layout.tsx + index.tsx + [resource].tsx with id-based lookup; deleted 9 dead i18n config lines; TS6 strictness fallout fixed (7 unused React imports, ColorScheme normalization at hook boundary, jest types)	SDK 56 dropped react-navigation compat in router apps; migration doc prescribes expo-router equivalents	typed routes regenerated via brief metro start; tsc 0; export bundles /resources/[resource]	resources flow verified in browser
2026-09-01T01:05:00Z	lint	fixed 5 errors + 7 warnings from eslint-config-expo 57 rules: derived chat greeting (deleted language-sync effect), async-IIFE data loads with cancelled-guard, hoisted availableLanguages to module scope, escaped quote, merged duplicate react imports, added animation deps, Array<> to T[]; .expo added to eslint ignores	new React hooks v6 rules; ChatScreen restructure is a real subtraction (state no longer stores greeting)	mobile lint exit 0	lint clean
2026-09-01T01:10:00Z	verify	drove production web bundle (expo export + expo serve :8081) with agent-browser: onboarding, home, resources list->detail->back, chat render + no-key fallback message, quiz answer Paris -> Overall 25%; screenshots in .verify/evidence	dev-server mode hit a Metro SDK57 worker-chunk error, production export contains the worker chunk and is the stronger artifact	.onboarding-done.png, .resource-detail.png, .chat-fallback.png; quiz 25% read back via eval	UI flows VERIFIED; chat AI path INCONCLUSIVE without API key
2026-09-01T01:20:00Z	review	fixed cross-review flags: gemini.ts throws on empty embedding instead of silently storing [], [resource].tsx renders Resource-not-found state + composite key, removed admin layout.tsx render log	reviewer (GLM via OpenRouter) flagged silent-empty-embedding as a permanent RAG degradation vector and blank detail screen as a UX edge	mobile tsc/jest/lint 0; admin tsc/eslint 0	3 flags fixed, 1 documented
